household_id,primary_client_id,members
B-H-00001,B-C-00001,B-C-00001|B-C-00002
B-H-00002,B-C-00003,B-C-00003
B-H-00003,B-C-00004,B-C-00004
B-H-00004,B-C-00005,B-C-00005|B-C-01544
B-H-00005,B-C-00006,B-C-00006
B-H-00006,B-C-00007,B-C-00007
B-H-00007,B-C-00008,B-C-00008|B-C-00009
B-H-00008,B-C-00010,B-C-00010
B-H-00009,B-C-00011,B-C-00011
B-H-00010,B-C-00012,B-C-00012|B-C-00013
B-H-00011,B-C-00014,B-C-00014
B-H-00012,B-C-00015,B-C-00015|B-C-01559
B-H-00013,B-C-00016,B-C-00016|B-C-00017
B-H-00014,B-C-00018,B-C-00018
B-H-00015,B-C-00019,B-C-00019
B-H-00016,B-C-00020,B-C-00020|B-C-00021
B-H-00017,B-C-00022,B-C-00022
B-H-00018,B-C-00023,B-C-00023|B-C-00024
B-H-00019,B-C-00025,B-C-00025|B-C-00026
B-H-00020,B-C-00027,B-C-00027
B-H-00021,B-C-00028,B-C-00028
B-H-00022,B-C-00029,B-C-00029
B-H-00023,B-C-00030,B-C-00030|B-C-01546
B-H-00024,B-C-00031,B-C-00031
B-H-00025,B-C-00032,B-C-00032|B-C-00033
B-H-00026,B-C-00034,B-C-00034|B-C-00035
B-H-00027,B-C-00036,B-C-00036
B-H-00028,B-C-00037,B-C-00037|B-C-00038
B-H-00029,B-C-00039,B-C-00039|B-C-00040|B-C-01540
B-H-00030,B-C-00041,B-C-00041
B-H-00031,B-C-00042,B-C-00042|B-C-01538
B-H-00032,B-C-00043,B-C-00043
B-H-00033,B-C-00044,B-C-00044
B-H-00034,B-C-00045,B-C-00045|B-C-01548
B-H-00035,B-C-00046,B-C-00046
B-H-00036,B-C-00047,B-C-00047
B-H-00037,B-C-00048,B-C-00048
B-H-00038,B-C-00049,B-C-00049
B-H-00039,B-C-00050,B-C-00050
B-H-00040,B-C-00051,B-C-00051|B-C-00052
B-H-00041,B-C-00053,B-C-00053
B-H-00042,B-C-00054,B-C-00054
B-H-00043,B-C-00055,B-C-00055
B-H-00044,B-C-00056,B-C-00056
B-H-00045,B-C-00057,B-C-00057|B-C-00058
B-H-00046,B-C-00059,B-C-00059|B-C-00060
B-H-00047,B-C-00061,B-C-00061
B-H-00048,B-C-00062,B-C-00062
B-H-00049,B-C-00063,B-C-00063
B-H-00050,B-C-00064,B-C-00064
B-H-00051,B-C-00065,B-C-00065
B-H-00052,B-C-00066,B-C-00066|B-C-00067
B-H-00053,B-C-00068,B-C-00068
B-H-00054,B-C-00069,B-C-00069|B-C-00070
B-H-00055,B-C-00071,B-C-00071|B-C-01524
B-H-00056,B-C-00072,B-C-00072
B-H-00057,B-C-00073,B-C-00073
B-H-00058,B-C-00074,B-C-00074|B-C-00075
B-H-00059,B-C-00076,B-C-00076|B-C-00077
B-H-00060,B-C-00078,B-C-00078|B-C-00079
B-H-00061,B-C-00080,B-C-00080|B-C-00081|B-C-00082
B-H-00062,B-C-00083,B-C-00083
B-H-00063,B-C-00084,B-C-00084|B-C-00085
B-H-00064,B-C-00086,B-C-00086|B-C-00087|B-C-00088
B-H-00065,B-C-00089,B-C-00089|B-C-00090
B-H-00066,B-C-00091,B-C-00091|B-C-00092
B-H-00067,B-C-00093,B-C-00093
B-H-00068,B-C-00094,B-C-00094
B-H-00069,B-C-00095,B-C-00095|B-C-00096|B-C-00097
B-H-00070,B-C-00098,B-C-00098
B-H-00071,B-C-00099,B-C-00099|B-C-00100
B-H-00072,B-C-00101,B-C-00101
B-H-00073,B-C-00102,B-C-00102
B-H-00074,B-C-00103,B-C-00103
B-H-00075,B-C-00104,B-C-00104
B-H-00076,B-C-00105,B-C-00105|B-C-00106
B-H-00077,B-C-00107,B-C-00107
B-H-00078,B-C-00108,B-C-00108
B-H-00079,B-C-00109,B-C-00109|B-C-00110
B-H-00080,B-C-00111,B-C-00111
B-H-00081,B-C-00112,B-C-00112|B-C-00113
B-H-00082,B-C-00114,B-C-00114|B-C-00115
B-H-00083,B-C-00116,B-C-00116
B-H-00084,B-C-00117,B-C-00117
B-H-00085,B-C-00118,B-C-00118
B-H-00086,B-C-00119,B-C-00119|B-C-01532
B-H-00087,B-C-00120,B-C-00120|B-C-00121
B-H-00088,B-C-00122,B-C-00122
B-H-00089,B-C-00123,B-C-00123|B-C-00124
B-H-00090,B-C-00125,B-C-00125|B-C-00126|B-C-01556
B-H-00091,B-C-00127,B-C-00127
B-H-00092,B-C-00128,B-C-00128|B-C-00129
B-H-00093,B-C-00130,B-C-00130
B-H-00094,B-C-00131,B-C-00131|B-C-01555
B-H-00095,B-C-00132,B-C-00132
B-H-00096,B-C-00133,B-C-00133|B-C-00134
B-H-00097,B-C-00135,B-C-00135|B-C-00136
B-H-00098,B-C-00137,B-C-00137
B-H-00099,B-C-00138,B-C-00138|B-C-00139|B-C-01527
B-H-00100,B-C-00140,B-C-00140
B-H-00101,B-C-00141,B-C-00141|B-C-00142
B-H-00102,B-C-00143,B-C-00143
B-H-00103,B-C-00144,B-C-00144|B-C-00145
B-H-00104,B-C-00146,B-C-00146
B-H-00105,B-C-00147,B-C-00147
B-H-00106,B-C-00148,B-C-00148
B-H-00107,B-C-00149,B-C-00149
B-H-00108,B-C-00150,B-C-00150|B-C-00151
B-H-00109,B-C-00152,B-C-00152
B-H-00110,B-C-00153,B-C-00153
B-H-00111,B-C-00154,B-C-00154
B-H-00112,B-C-00155,B-C-00155
B-H-00113,B-C-00156,B-C-00156
B-H-00114,B-C-00157,B-C-00157
B-H-00115,B-C-00158,B-C-00158
B-H-00116,B-C-00159,B-C-00159
B-H-00117,B-C-00160,B-C-00160|B-C-00161
B-H-00118,B-C-00162,B-C-00162
B-H-00119,B-C-00163,B-C-00163
B-H-00120,B-C-00164,B-C-00164
B-H-00121,B-C-00165,B-C-00165
B-H-00122,B-C-00166,B-C-00166
B-H-00123,B-C-00167,B-C-00167|B-C-00168
B-H-00124,B-C-00169,B-C-00169|B-C-00170
B-H-00125,B-C-00171,B-C-00171
B-H-00126,B-C-00172,B-C-00172|B-C-00173
B-H-00127,B-C-00174,B-C-00174
B-H-00128,B-C-00175,B-C-00175
B-H-00129,B-C-00176,B-C-00176
B-H-00130,B-C-00177,B-C-00177
B-H-00131,B-C-00178,B-C-00178|B-C-00179
B-H-00132,B-C-00180,B-C-00180|B-C-00181
B-H-00133,B-C-00182,B-C-00182|B-C-00183
B-H-00134,B-C-00184,B-C-00184
B-H-00135,B-C-00185,B-C-00185
B-H-00136,B-C-00186,B-C-00186|B-C-00187
B-H-00137,B-C-00188,B-C-00188
B-H-00138,B-C-00189,B-C-00189
B-H-00139,B-C-00190,B-C-00190
B-H-00140,B-C-00191,B-C-00191|B-C-00192
B-H-00141,B-C-00193,B-C-00193
B-H-00142,B-C-00194,B-C-00194
B-H-00143,B-C-00195,B-C-00195
B-H-00144,B-C-00196,B-C-00196
B-H-00145,B-C-00197,B-C-00197
B-H-00146,B-C-00198,B-C-00198|B-C-01528
B-H-00147,B-C-00199,B-C-00199|B-C-00200
B-H-00148,B-C-00201,B-C-00201
B-H-00149,B-C-00202,B-C-00202|B-C-00203
B-H-00150,B-C-00204,B-C-00204|B-C-00205
B-H-00151,B-C-00206,B-C-00206
B-H-00152,B-C-00207,B-C-00207
B-H-00153,B-C-00208,B-C-00208
B-H-00154,B-C-00209,B-C-00209
B-H-00155,B-C-00210,B-C-00210|B-C-00211
B-H-00156,B-C-00212,B-C-00212|B-C-00213|B-C-00214
B-H-00157,B-C-00215,B-C-00215
B-H-00158,B-C-00216,B-C-00216
B-H-00159,B-C-00217,B-C-00217
B-H-00160,B-C-00218,B-C-00218
B-H-00161,B-C-00219,B-C-00219
B-H-00162,B-C-00220,B-C-00220|B-C-00221
B-H-00163,B-C-00222,B-C-00222
B-H-00164,B-C-00223,B-C-00223
B-H-00165,B-C-00224,B-C-00224
B-H-00166,B-C-00225,B-C-00225|B-C-00226
B-H-00167,B-C-00227,B-C-00227
B-H-00168,B-C-00228,B-C-00228
B-H-00169,B-C-00229,B-C-00229
B-H-00170,B-C-00230,B-C-00230
B-H-00171,B-C-00231,B-C-00231
B-H-00172,B-C-00232,B-C-00232
B-H-00173,B-C-00233,B-C-00233
B-H-00174,B-C-00234,B-C-00234|B-C-00235
B-H-00175,B-C-00236,B-C-00236|B-C-00237|B-C-00238
B-H-00176,B-C-00239,B-C-00239
B-H-00177,B-C-00240,B-C-00240|B-C-00241
B-H-00178,B-C-00242,B-C-00242|B-C-00243
B-H-00179,B-C-00244,B-C-00244|B-C-00245
B-H-00180,B-C-00246,B-C-00246|B-C-00247|B-C-00248
B-H-00181,B-C-00249,B-C-00249|B-C-00250
B-H-00182,B-C-00251,B-C-00251|B-C-00252
B-H-00183,B-C-00253,B-C-00253
B-H-00184,B-C-00254,B-C-00254
B-H-00185,B-C-00255,B-C-00255
B-H-00186,B-C-00256,B-C-00256
B-H-00187,B-C-00257,B-C-00257
B-H-00188,B-C-00258,B-C-00258
B-H-00189,B-C-00259,B-C-00259|B-C-00260|B-C-01515
B-H-00190,B-C-00261,B-C-00261|B-C-00262
B-H-00191,B-C-00263,B-C-00263
B-H-00192,B-C-00264,B-C-00264
B-H-00193,B-C-00265,B-C-00265|B-C-00266
B-H-00194,B-C-00267,B-C-00267|B-C-00268
B-H-00195,B-C-00269,B-C-00269|B-C-00270
B-H-00196,B-C-00271,B-C-00271|B-C-00272|B-C-00273
B-H-00197,B-C-00274,B-C-00274
B-H-00198,B-C-00275,B-C-00275
B-H-00199,B-C-00276,B-C-00276|B-C-00277
B-H-00200,B-C-00278,B-C-00278|B-C-00279
B-H-00201,B-C-00280,B-C-00280|B-C-01553
B-H-00202,B-C-00281,B-C-00281
B-H-00203,B-C-00282,B-C-00282
B-H-00204,B-C-00283,B-C-00283|B-C-00284|B-C-01509
B-H-00205,B-C-00285,B-C-00285|B-C-00286
B-H-00206,B-C-00287,B-C-00287
B-H-00207,B-C-00288,B-C-00288
B-H-00208,B-C-00289,B-C-00289
B-H-00209,B-C-00290,B-C-00290
B-H-00210,B-C-00291,B-C-00291
B-H-00211,B-C-00292,B-C-00292
B-H-00212,B-C-00293,B-C-00293|B-C-00294
B-H-00213,B-C-00295,B-C-00295|B-C-00296
B-H-00214,B-C-00297,B-C-00297|B-C-00298
B-H-00215,B-C-00299,B-C-00299|B-C-00300
B-H-00216,B-C-00301,B-C-00301|B-C-00302
B-H-00217,B-C-00303,B-C-00303|B-C-00304
B-H-00218,B-C-00305,B-C-00305
B-H-00219,B-C-00306,B-C-00306|B-C-00307
B-H-00220,B-C-00308,B-C-00308|B-C-01531
B-H-00221,B-C-00309,B-C-00309|B-C-00310
B-H-00222,B-C-00311,B-C-00311|B-C-00312
B-H-00223,B-C-00313,B-C-00313
B-H-00224,B-C-00314,B-C-00314|B-C-00315
B-H-00225,B-C-00316,B-C-00316|B-C-00317
B-H-00226,B-C-00318,B-C-00318
B-H-00227,B-C-00319,B-C-00319
B-H-00228,B-C-00320,B-C-00320|B-C-00321
B-H-00229,B-C-00322,B-C-00322
B-H-00230,B-C-00323,B-C-00323|B-C-00324|B-C-00325
B-H-00231,B-C-00326,B-C-00326|B-C-00327
B-H-00232,B-C-00328,B-C-00328
B-H-00233,B-C-00329,B-C-00329
B-H-00234,B-C-00330,B-C-00330|B-C-00331
B-H-00235,B-C-00332,B-C-00332|B-C-00333
B-H-00236,B-C-00334,B-C-00334|B-C-00335
B-H-00237,B-C-00336,B-C-00336
B-H-00238,B-C-00337,B-C-00337|B-C-01516
B-H-00239,B-C-00338,B-C-00338|B-C-00339
B-H-00240,B-C-00340,B-C-00340
B-H-00241,B-C-00341,B-C-00341
B-H-00242,B-C-00342,B-C-00342
B-H-00243,B-C-00343,B-C-00343
B-H-00244,B-C-00344,B-C-00344
B-H-00245,B-C-00345,B-C-00345
B-H-00246,B-C-00346,B-C-00346
B-H-00247,B-C-00347,B-C-00347
B-H-00248,B-C-00348,B-C-00348
B-H-00249,B-C-00349,B-C-00349
B-H-00250,B-C-00350,B-C-00350|B-C-00351
B-H-00251,B-C-00352,B-C-00352
B-H-00252,B-C-00353,B-C-00353
B-H-00253,B-C-00354,B-C-00354
B-H-00254,B-C-00355,B-C-00355
B-H-00255,B-C-00356,B-C-00356|B-C-00357
B-H-00256,B-C-00358,B-C-00358
B-H-00257,B-C-00359,B-C-00359
B-H-00258,B-C-00360,B-C-00360
B-H-00259,B-C-00361,B-C-00361|B-C-00362
B-H-00260,B-C-00363,B-C-00363|B-C-00364
B-H-00261,B-C-00365,B-C-00365|B-C-00366
B-H-00262,B-C-00367,B-C-00367|B-C-00368
B-H-00263,B-C-00369,B-C-00369|B-C-00370
B-H-00264,B-C-00371,B-C-00371|B-C-01545
B-H-00265,B-C-00372,B-C-00372|B-C-00373
B-H-00266,B-C-00374,B-C-00374|B-C-00375
B-H-00267,B-C-00376,B-C-00376|B-C-00377
B-H-00268,B-C-00378,B-C-00378
B-H-00269,B-C-00379,B-C-00379|B-C-00380
B-H-00270,B-C-00381,B-C-00381
B-H-00271,B-C-00382,B-C-00382|B-C-00383
B-H-00272,B-C-00384,B-C-00384
B-H-00273,B-C-00385,B-C-00385|B-C-00386
B-H-00274,B-C-00387,B-C-00387|B-C-00388
B-H-00275,B-C-00389,B-C-00389|B-C-00390
B-H-00276,B-C-00391,B-C-00391
B-H-00277,B-C-00392,B-C-00392
B-H-00278,B-C-00393,B-C-00393
B-H-00279,B-C-00394,B-C-00394
B-H-00280,B-C-00395,B-C-00395|B-C-00396|B-C-00397
B-H-00281,B-C-00398,B-C-00398
B-H-00282,B-C-00399,B-C-00399|B-C-00400
B-H-00283,B-C-00401,B-C-00401|B-C-00402
B-H-00284,B-C-00403,B-C-00403|B-C-00404
B-H-00285,B-C-00405,B-C-00405|B-C-00406
B-H-00286,B-C-00407,B-C-00407
B-H-00287,B-C-00408,B-C-00408
B-H-00288,B-C-00409,B-C-00409
B-H-00289,B-C-00410,B-C-00410|B-C-00411
B-H-00290,B-C-00412,B-C-00412|B-C-00413
B-H-00291,B-C-00414,B-C-00414|B-C-00415
B-H-00292,B-C-00416,B-C-00416
B-H-00293,B-C-00417,B-C-00417|B-C-00418
B-H-00294,B-C-00419,B-C-00419|B-C-00420
B-H-00295,B-C-00421,B-C-00421
B-H-00296,B-C-00422,B-C-00422
B-H-00297,B-C-00423,B-C-00423|B-C-00424
B-H-00298,B-C-00425,B-C-00425
B-H-00299,B-C-00426,B-C-00426|B-C-00427
B-H-00300,B-C-00428,B-C-00428|B-C-00429
B-H-00301,B-C-00430,B-C-00430
B-H-00302,B-C-00431,B-C-00431
B-H-00303,B-C-00432,B-C-00432
B-H-00304,B-C-00433,B-C-00433|B-C-00434
B-H-00305,B-C-00435,B-C-00435
B-H-00306,B-C-00436,B-C-00436
B-H-00307,B-C-00437,B-C-00437|B-C-00438
B-H-00308,B-C-00439,B-C-00439
B-H-00309,B-C-00440,B-C-00440|B-C-00441
B-H-00310,B-C-00442,B-C-00442
B-H-00311,B-C-00443,B-C-00443
B-H-00312,B-C-00444,B-C-00444
B-H-00313,B-C-00445,B-C-00445|B-C-00446
B-H-00314,B-C-00447,B-C-00447
B-H-00315,B-C-00448,B-C-00448|B-C-00449
B-H-00316,B-C-00450,B-C-00450|B-C-00451
B-H-00317,B-C-00452,B-C-00452
B-H-00318,B-C-00453,B-C-00453|B-C-00454
B-H-00319,B-C-00455,B-C-00455
B-H-00320,B-C-00456,B-C-00456
B-H-00321,B-C-00457,B-C-00457
B-H-00322,B-C-00458,B-C-00458|B-C-00459
B-H-00323,B-C-00460,B-C-00460
B-H-00324,B-C-00461,B-C-00461|B-C-00462
B-H-00325,B-C-00463,B-C-00463
B-H-00326,B-C-00464,B-C-00464|B-C-00465|B-C-00466
B-H-00327,B-C-00467,B-C-00467
B-H-00328,B-C-00468,B-C-00468|B-C-00469
B-H-00329,B-C-00470,B-C-00470
B-H-00330,B-C-00471,B-C-00471
B-H-00331,B-C-00472,B-C-00472
B-H-00332,B-C-00473,B-C-00473
B-H-00333,B-C-00474,B-C-00474
B-H-00334,B-C-00475,B-C-00475|B-C-01539
B-H-00335,B-C-00476,B-C-00476|B-C-00477
B-H-00336,B-C-00478,B-C-00478
B-H-00337,B-C-00479,B-C-00479
B-H-00338,B-C-00480,B-C-00480
B-H-00339,B-C-00481,B-C-00481|B-C-00482
B-H-00340,B-C-00483,B-C-00483|B-C-00484
B-H-00341,B-C-00485,B-C-00485
B-H-00342,B-C-00486,B-C-00486
B-H-00343,B-C-00487,B-C-00487|B-C-00488
B-H-00344,B-C-00489,B-C-00489
B-H-00345,B-C-00490,B-C-00490
B-H-00346,B-C-00491,B-C-00491|B-C-01511
B-H-00347,B-C-00492,B-C-00492|B-C-00493|B-C-00494
B-H-00348,B-C-00495,B-C-00495|B-C-00496
B-H-00349,B-C-00497,B-C-00497
B-H-00350,B-C-00498,B-C-00498
B-H-00351,B-C-00499,B-C-00499|B-C-01518
B-H-00352,B-C-00500,B-C-00500|B-C-00501
B-H-00353,B-C-00502,B-C-00502
B-H-00354,B-C-00503,B-C-00503
B-H-00355,B-C-00504,B-C-00504
B-H-00356,B-C-00505,B-C-00505
B-H-00357,B-C-00506,B-C-00506|B-C-00507
B-H-00358,B-C-00508,B-C-00508
B-H-00359,B-C-00509,B-C-00509
B-H-00360,B-C-00510,B-C-00510
B-H-00361,B-C-00511,B-C-00511
B-H-00362,B-C-00512,B-C-00512
B-H-00363,B-C-00513,B-C-00513|B-C-00514
B-H-00364,B-C-00515,B-C-00515
B-H-00365,B-C-00516,B-C-00516
B-H-00366,B-C-00517,B-C-00517
B-H-00367,B-C-00518,B-C-00518|B-C-00519|B-C-00520
B-H-00368,B-C-00521,B-C-00521
B-H-00369,B-C-00522,B-C-00522
B-H-00370,B-C-00523,B-C-00523
B-H-00371,B-C-00524,B-C-00524|B-C-00525
B-H-00372,B-C-00526,B-C-00526|B-C-00527
B-H-00373,B-C-00528,B-C-00528
B-H-00374,B-C-00529,B-C-00529|B-C-00530
B-H-00375,B-C-00531,B-C-00531|B-C-00532
B-H-00376,B-C-00533,B-C-00533|B-C-00534
B-H-00377,B-C-00535,B-C-00535
B-H-00378,B-C-00536,B-C-00536|B-C-00537
B-H-00379,B-C-00538,B-C-00538|B-C-01543
B-H-00380,B-C-00539,B-C-00539
B-H-00381,B-C-00540,B-C-00540
B-H-00382,B-C-00541,B-C-00541|B-C-00542
B-H-00383,B-C-00543,B-C-00543
B-H-00384,B-C-00544,B-C-00544
B-H-00385,B-C-00545,B-C-00545|B-C-00546
B-H-00386,B-C-00547,B-C-00547|B-C-00548
B-H-00387,B-C-00549,B-C-00549|B-C-00550
B-H-00388,B-C-00551,B-C-00551|B-C-00552
B-H-00389,B-C-00553,B-C-00553
B-H-00390,B-C-00554,B-C-00554|B-C-00555
B-H-00391,B-C-00556,B-C-00556
B-H-00392,B-C-00557,B-C-00557
B-H-00393,B-C-00558,B-C-00558
B-H-00394,B-C-00559,B-C-00559
B-H-00395,B-C-00560,B-C-00560
B-H-00396,B-C-00561,B-C-00561|B-C-00562
B-H-00397,B-C-00563,B-C-00563
B-H-00398,B-C-00564,B-C-00564
B-H-00399,B-C-00565,B-C-00565|B-C-00566
B-H-00400,B-C-00567,B-C-00567|B-C-00568
B-H-00401,B-C-00569,B-C-00569|B-C-00570
B-H-00402,B-C-00571,B-C-00571
B-H-00403,B-C-00572,B-C-00572
B-H-00404,B-C-00573,B-C-00573|B-C-00574
B-H-00405,B-C-00575,B-C-00575
B-H-00406,B-C-00576,B-C-00576
B-H-00407,B-C-00577,B-C-00577|B-C-00578
B-H-00408,B-C-00579,B-C-00579|B-C-00580
B-H-00409,B-C-00581,B-C-00581
B-H-00410,B-C-00582,B-C-00582|B-C-00583|B-C-00584|B-C-01533
B-H-00411,B-C-00585,B-C-00585|B-C-00586
B-H-00412,B-C-00587,B-C-00587|B-C-01558
B-H-00413,B-C-00588,B-C-00588|B-C-00589
B-H-00414,B-C-00590,B-C-00590
B-H-00415,B-C-00591,B-C-00591|B-C-00592
B-H-00416,B-C-00593,B-C-00593
B-H-00417,B-C-00594,B-C-00594
B-H-00418,B-C-00595,B-C-00595
B-H-00419,B-C-00596,B-C-00596|B-C-00597|B-C-01530
B-H-00420,B-C-00598,B-C-00598
B-H-00421,B-C-00599,B-C-00599|B-C-00600
B-H-00422,B-C-00601,B-C-00601|B-C-00602
B-H-00423,B-C-00603,B-C-00603
B-H-00424,B-C-00604,B-C-00604|B-C-00605
B-H-00425,B-C-00606,B-C-00606|B-C-01551
B-H-00426,B-C-00607,B-C-00607|B-C-00608
B-H-00427,B-C-00609,B-C-00609|B-C-00610
B-H-00428,B-C-00611,B-C-00611
B-H-00429,B-C-00612,B-C-00612|B-C-01513
B-H-00430,B-C-00613,B-C-00613|B-C-00614
B-H-00431,B-C-00615,B-C-00615
B-H-00432,B-C-00616,B-C-00616|B-C-00617
B-H-00433,B-C-00618,B-C-00618
B-H-00434,B-C-00619,B-C-00619
B-H-00435,B-C-00620,B-C-00620|B-C-00621
B-H-00436,B-C-00622,B-C-00622
B-H-00437,B-C-00623,B-C-00623
B-H-00438,B-C-00624,B-C-00624
B-H-00439,B-C-00625,B-C-00625|B-C-00626|B-C-00627
B-H-00440,B-C-00628,B-C-00628|B-C-00629|B-C-01517
B-H-00441,B-C-00630,B-C-00630|B-C-00631|B-C-00632
B-H-00442,B-C-00633,B-C-00633|B-C-00634|B-C-00635|B-C-01541
B-H-00443,B-C-00636,B-C-00636
B-H-00444,B-C-00637,B-C-00637|B-C-00638
B-H-00445,B-C-00639,B-C-00639|B-C-00640
B-H-00446,B-C-00641,B-C-00641|B-C-00642
B-H-00447,B-C-00643,B-C-00643
B-H-00448,B-C-00644,B-C-00644|B-C-00645
B-H-00449,B-C-00646,B-C-00646|B-C-00647
B-H-00450,B-C-00648,B-C-00648|B-C-00649
B-H-00451,B-C-00650,B-C-00650|B-C-00651
B-H-00452,B-C-00652,B-C-00652|B-C-00653
B-H-00453,B-C-00654,B-C-00654|B-C-00655|B-C-00656
B-H-00454,B-C-00657,B-C-00657
B-H-00455,B-C-00658,B-C-00658|B-C-01549
B-H-00456,B-C-00659,B-C-00659
B-H-00457,B-C-00660,B-C-00660|B-C-01510
B-H-00458,B-C-00661,B-C-00661|B-C-00662
B-H-00459,B-C-00663,B-C-00663
B-H-00460,B-C-00664,B-C-00664
B-H-00461,B-C-00665,B-C-00665|B-C-00666
B-H-00462,B-C-00667,B-C-00667|B-C-00668
B-H-00463,B-C-00669,B-C-00669|B-C-00670
B-H-00464,B-C-00671,B-C-00671|B-C-00672
B-H-00465,B-C-00673,B-C-00673
B-H-00466,B-C-00674,B-C-00674
B-H-00467,B-C-00675,B-C-00675
B-H-00468,B-C-00676,B-C-00676|B-C-00677
B-H-00469,B-C-00678,B-C-00678|B-C-00679
B-H-00470,B-C-00680,B-C-00680|B-C-00681
B-H-00471,B-C-00682,B-C-00682
B-H-00472,B-C-00683,B-C-00683
B-H-00473,B-C-00684,B-C-00684
B-H-00474,B-C-00685,B-C-00685|B-C-00686
B-H-00475,B-C-00687,B-C-00687|B-C-00688
B-H-00476,B-C-00689,B-C-00689
B-H-00477,B-C-00690,B-C-00690|B-C-00691
B-H-00478,B-C-00692,B-C-00692|B-C-01536
B-H-00479,B-C-00693,B-C-00693
B-H-00480,B-C-00694,B-C-00694
B-H-00481,B-C-00695,B-C-00695
B-H-00482,B-C-00696,B-C-00696|B-C-00697
B-H-00483,B-C-00698,B-C-00698
B-H-00484,B-C-00699,B-C-00699
B-H-00485,B-C-00700,B-C-00700
B-H-00486,B-C-00701,B-C-00701|B-C-00702
B-H-00487,B-C-00703,B-C-00703
B-H-00488,B-C-00704,B-C-00704|B-C-00705
B-H-00489,B-C-00706,B-C-00706
B-H-00490,B-C-00707,B-C-00707|B-C-00708
B-H-00491,B-C-00709,B-C-00709
B-H-00492,B-C-00710,B-C-00710|B-C-00711
B-H-00493,B-C-00712,B-C-00712
B-H-00494,B-C-00713,B-C-00713|B-C-00714
B-H-00495,B-C-00715,B-C-00715|B-C-00716
B-H-00496,B-C-00717,B-C-00717
B-H-00497,B-C-00718,B-C-00718|B-C-00719
B-H-00498,B-C-00720,B-C-00720
B-H-00499,B-C-00721,B-C-00721|B-C-00722|B-C-01557
B-H-00500,B-C-00723,B-C-00723|B-C-00724
B-H-00501,B-C-00725,B-C-00725|B-C-00726
B-H-00502,B-C-00727,B-C-00727
B-H-00503,B-C-00728,B-C-00728|B-C-00729
B-H-00504,B-C-00730,B-C-00730
B-H-00505,B-C-00731,B-C-00731
B-H-00506,B-C-00732,B-C-00732
B-H-00507,B-C-00733,B-C-00733
B-H-00508,B-C-00734,B-C-00734|B-C-00735
B-H-00509,B-C-00736,B-C-00736
B-H-00510,B-C-00737,B-C-00737|B-C-00738
B-H-00511,B-C-00739,B-C-00739
B-H-00512,B-C-00740,B-C-00740|B-C-00741|B-C-00742
B-H-00513,B-C-00743,B-C-00743
B-H-00514,B-C-00744,B-C-00744|B-C-00745
B-H-00515,B-C-00746,B-C-00746
B-H-00516,B-C-00747,B-C-00747
B-H-00517,B-C-00748,B-C-00748|B-C-00749
B-H-00518,B-C-00750,B-C-00750
B-H-00519,B-C-00751,B-C-00751|B-C-00752
B-H-00520,B-C-00753,B-C-00753|B-C-00754
B-H-00521,B-C-00755,B-C-00755|B-C-00756
B-H-00522,B-C-00757,B-C-00757
B-H-00523,B-C-00758,B-C-00758
B-H-00524,B-C-00759,B-C-00759|B-C-00760
B-H-00525,B-C-00761,B-C-00761
B-H-00526,B-C-00762,B-C-00762
B-H-00527,B-C-00763,B-C-00763
B-H-00528,B-C-00764,B-C-00764
B-H-00529,B-C-00765,B-C-00765
B-H-00530,B-C-00766,B-C-00766
B-H-00531,B-C-00767,B-C-00767|B-C-00768|B-C-00769
B-H-00532,B-C-00770,B-C-00770|B-C-01523
B-H-00533,B-C-00771,B-C-00771
B-H-00534,B-C-00772,B-C-00772
B-H-00535,B-C-00773,B-C-00773
B-H-00536,B-C-00774,B-C-00774
B-H-00537,B-C-00775,B-C-00775|B-C-00776
B-H-00538,B-C-00777,B-C-00777
B-H-00539,B-C-00778,B-C-00778|B-C-00779
B-H-00540,B-C-00780,B-C-00780
B-H-00541,B-C-00781,B-C-00781
B-H-00542,B-C-00782,B-C-00782|B-C-00783
B-H-00543,B-C-00784,B-C-00784
B-H-00544,B-C-00785,B-C-00785
B-H-00545,B-C-00786,B-C-00786
B-H-00546,B-C-00787,B-C-00787
B-H-00547,B-C-00788,B-C-00788
B-H-00548,B-C-00789,B-C-00789
B-H-00549,B-C-00790,B-C-00790|B-C-00791
B-H-00550,B-C-00792,B-C-00792
B-H-00551,B-C-00793,B-C-00793
B-H-00552,B-C-00794,B-C-00794
B-H-00553,B-C-00795,B-C-00795
B-H-00554,B-C-00796,B-C-00796|B-C-00797
B-H-00555,B-C-00798,B-C-00798
B-H-00556,B-C-00799,B-C-00799|B-C-00800
B-H-00557,B-C-00801,B-C-00801
B-H-00558,B-C-00802,B-C-00802|B-C-00803
B-H-00559,B-C-00804,B-C-00804
B-H-00560,B-C-00805,B-C-00805
B-H-00561,B-C-00806,B-C-00806
B-H-00562,B-C-00807,B-C-00807
B-H-00563,B-C-00808,B-C-00808
B-H-00564,B-C-00809,B-C-00809
B-H-00565,B-C-00810,B-C-00810|B-C-00811
B-H-00566,B-C-00812,B-C-00812|B-C-00813
B-H-00567,B-C-00814,B-C-00814
B-H-00568,B-C-00815,B-C-00815
B-H-00569,B-C-00816,B-C-00816
B-H-00570,B-C-00817,B-C-00817|B-C-00818
B-H-00571,B-C-00819,B-C-00819
B-H-00572,B-C-00820,B-C-00820
B-H-00573,B-C-00821,B-C-00821|B-C-00822
B-H-00574,B-C-00823,B-C-00823|B-C-00824
B-H-00575,B-C-00825,B-C-00825|B-C-00826
B-H-00576,B-C-00827,B-C-00827
B-H-00577,B-C-00828,B-C-00828|B-C-00829
B-H-00578,B-C-00830,B-C-00830
B-H-00579,B-C-00831,B-C-00831
B-H-00580,B-C-00832,B-C-00832|B-C-00833
B-H-00581,B-C-00834,B-C-00834|B-C-00835
B-H-00582,B-C-00836,B-C-00836
B-H-00583,B-C-00837,B-C-00837
B-H-00584,B-C-00838,B-C-00838|B-C-00839
B-H-00585,B-C-00840,B-C-00840|B-C-00841
B-H-00586,B-C-00842,B-C-00842|B-C-01534
B-H-00587,B-C-00843,B-C-00843|B-C-00844
B-H-00588,B-C-00845,B-C-00845
B-H-00589,B-C-00846,B-C-00846|B-C-00847
B-H-00590,B-C-00848,B-C-00848
B-H-00591,B-C-00849,B-C-00849|B-C-01521
B-H-00592,B-C-00850,B-C-00850
B-H-00593,B-C-00851,B-C-00851
B-H-00594,B-C-00852,B-C-00852|B-C-00853
B-H-00595,B-C-00854,B-C-00854|B-C-00855
B-H-00596,B-C-00856,B-C-00856
B-H-00597,B-C-00857,B-C-00857|B-C-01519
B-H-00598,B-C-00858,B-C-00858
B-H-00599,B-C-00859,B-C-00859
B-H-00600,B-C-00860,B-C-00860
B-H-00601,B-C-00861,B-C-00861|B-C-01560
B-H-00602,B-C-00862,B-C-00862|B-C-00863
B-H-00603,B-C-00864,B-C-00864|B-C-00865
B-H-00604,B-C-00866,B-C-00866|B-C-00867
B-H-00605,B-C-00868,B-C-00868
B-H-00606,B-C-00869,B-C-00869|B-C-00870
B-H-00607,B-C-00871,B-C-00871|B-C-00872
B-H-00608,B-C-00873,B-C-00873|B-C-00874
B-H-00609,B-C-00875,B-C-00875
B-H-00610,B-C-00876,B-C-00876|B-C-00877
B-H-00611,B-C-00878,B-C-00878|B-C-00879
B-H-00612,B-C-00880,B-C-00880
B-H-00613,B-C-00881,B-C-00881
B-H-00614,B-C-00882,B-C-00882
B-H-00615,B-C-00883,B-C-00883|B-C-00884
B-H-00616,B-C-00885,B-C-00885|B-C-00886
B-H-00617,B-C-00887,B-C-00887
B-H-00618,B-C-00888,B-C-00888|B-C-00889
B-H-00619,B-C-00890,B-C-00890|B-C-00891|B-C-01547
B-H-00620,B-C-00892,B-C-00892|B-C-00893|B-C-01520
B-H-00621,B-C-00894,B-C-00894
B-H-00622,B-C-00895,B-C-00895
B-H-00623,B-C-00896,B-C-00896
B-H-00624,B-C-00897,B-C-00897
B-H-00625,B-C-00898,B-C-00898|B-C-00899
B-H-00626,B-C-00900,B-C-00900
B-H-00627,B-C-00901,B-C-00901|B-C-00902
B-H-00628,B-C-00903,B-C-00903
B-H-00629,B-C-00904,B-C-00904
B-H-00630,B-C-00905,B-C-00905
B-H-00631,B-C-00906,B-C-00906|B-C-00907
B-H-00632,B-C-00908,B-C-00908
B-H-00633,B-C-00909,B-C-00909|B-C-00910|B-C-00911
B-H-00634,B-C-00912,B-C-00912|B-C-00913|B-C-00914
B-H-00635,B-C-00915,B-C-00915
B-H-00636,B-C-00916,B-C-00916
B-H-00637,B-C-00917,B-C-00917
B-H-00638,B-C-00918,B-C-00918|B-C-00919
B-H-00639,B-C-00920,B-C-00920|B-C-00921
B-H-00640,B-C-00922,B-C-00922|B-C-00923
B-H-00641,B-C-00924,B-C-00924|B-C-00925
B-H-00642,B-C-00926,B-C-00926
B-H-00643,B-C-00927,B-C-00927|B-C-00928
B-H-00644,B-C-00929,B-C-00929
B-H-00645,B-C-00930,B-C-00930|B-C-01526
B-H-00646,B-C-00931,B-C-00931
B-H-00647,B-C-00932,B-C-00932|B-C-00933
B-H-00648,B-C-00934,B-C-00934|B-C-00935
B-H-00649,B-C-00936,B-C-00936|B-C-00937
B-H-00650,B-C-00938,B-C-00938
B-H-00651,B-C-00939,B-C-00939
B-H-00652,B-C-00940,B-C-00940|B-C-00941
B-H-00653,B-C-00942,B-C-00942|B-C-00943
B-H-00654,B-C-00944,B-C-00944
B-H-00655,B-C-00945,B-C-00945
B-H-00656,B-C-00946,B-C-00946
B-H-00657,B-C-00947,B-C-00947|B-C-00948
B-H-00658,B-C-00949,B-C-00949
B-H-00659,B-C-00950,B-C-00950
B-H-00660,B-C-00951,B-C-00951
B-H-00661,B-C-00952,B-C-00952
B-H-00662,B-C-00953,B-C-00953
B-H-00663,B-C-00954,B-C-00954
B-H-00664,B-C-00955,B-C-00955
B-H-00665,B-C-00956,B-C-00956
B-H-00666,B-C-00957,B-C-00957
B-H-00667,B-C-00958,B-C-00958
B-H-00668,B-C-00959,B-C-00959
B-H-00669,B-C-00960,B-C-00960
B-H-00670,B-C-00961,B-C-00961|B-C-00962
B-H-00671,B-C-00963,B-C-00963
B-H-00672,B-C-00964,B-C-00964
B-H-00673,B-C-00965,B-C-00965|B-C-00966|B-C-00967
B-H-00674,B-C-00968,B-C-00968|B-C-00969
B-H-00675,B-C-00970,B-C-00970
B-H-00676,B-C-00971,B-C-00971
B-H-00677,B-C-00972,B-C-00972
B-H-00678,B-C-00973,B-C-00973
B-H-00679,B-C-00974,B-C-00974|B-C-00975
B-H-00680,B-C-00976,B-C-00976
B-H-00681,B-C-00977,B-C-00977
B-H-00682,B-C-00978,B-C-00978|B-C-00979
B-H-00683,B-C-00980,B-C-00980
B-H-00684,B-C-00981,B-C-00981|B-C-00982
B-H-00685,B-C-00983,B-C-00983|B-C-00984
B-H-00686,B-C-00985,B-C-00985|B-C-00986|B-C-00987
B-H-00687,B-C-00988,B-C-00988|B-C-00989
B-H-00688,B-C-00990,B-C-00990
B-H-00689,B-C-00991,B-C-00991|B-C-00992
B-H-00690,B-C-00993,B-C-00993
B-H-00691,B-C-00994,B-C-00994|B-C-00995
B-H-00692,B-C-00996,B-C-00996
B-H-00693,B-C-00997,B-C-00997
B-H-00694,B-C-00998,B-C-00998|B-C-00999
B-H-00695,B-C-01000,B-C-01000
B-H-00696,B-C-01001,B-C-01001
B-H-00697,B-C-01002,B-C-01002|B-C-01003
B-H-00698,B-C-01004,B-C-01004|B-C-01005
B-H-00699,B-C-01006,B-C-01006
B-H-00700,B-C-01007,B-C-01007|B-C-01525
B-H-00701,B-C-01008,B-C-01008
B-H-00702,B-C-01009,B-C-01009|B-C-01010
B-H-00703,B-C-01011,B-C-01011
B-H-00704,B-C-01012,B-C-01012
B-H-00705,B-C-01013,B-C-01013
B-H-00706,B-C-01014,B-C-01014
B-H-00707,B-C-01015,B-C-01015
B-H-00708,B-C-01016,B-C-01016
B-H-00709,B-C-01017,B-C-01017|B-C-01018
B-H-00710,B-C-01019,B-C-01019
B-H-00711,B-C-01020,B-C-01020|B-C-01021
B-H-00712,B-C-01022,B-C-01022
B-H-00713,B-C-01023,B-C-01023
B-H-00714,B-C-01024,B-C-01024
B-H-00715,B-C-01025,B-C-01025
B-H-00716,B-C-01026,B-C-01026|B-C-01027
B-H-00717,B-C-01028,B-C-01028
B-H-00718,B-C-01029,B-C-01029|B-C-01030
B-H-00719,B-C-01031,B-C-01031|B-C-01032
B-H-00720,B-C-01033,B-C-01033
B-H-00721,B-C-01034,B-C-01034
B-H-00722,B-C-01035,B-C-01035
B-H-00723,B-C-01036,B-C-01036
B-H-00724,B-C-01037,B-C-01037
B-H-00725,B-C-01038,B-C-01038
B-H-00726,B-C-01039,B-C-01039|B-C-01512
B-H-00727,B-C-01040,B-C-01040
B-H-00728,B-C-01041,B-C-01041|B-C-01042
B-H-00729,B-C-01043,B-C-01043|B-C-01044
B-H-00730,B-C-01045,B-C-01045
B-H-00731,B-C-01046,B-C-01046
B-H-00732,B-C-01047,B-C-01047|B-C-01048
B-H-00733,B-C-01049,B-C-01049|B-C-01050
B-H-00734,B-C-01051,B-C-01051
B-H-00735,B-C-01052,B-C-01052
B-H-00736,B-C-01053,B-C-01053|B-C-01054
B-H-00737,B-C-01055,B-C-01055|B-C-01056
B-H-00738,B-C-01057,B-C-01057|B-C-01058
B-H-00739,B-C-01059,B-C-01059|B-C-01060
B-H-00740,B-C-01061,B-C-01061
B-H-00741,B-C-01062,B-C-01062
B-H-00742,B-C-01063,B-C-01063|B-C-01064
B-H-00743,B-C-01065,B-C-01065
B-H-00744,B-C-01066,B-C-01066
B-H-00745,B-C-01067,B-C-01067|B-C-01068
B-H-00746,B-C-01069,B-C-01069
B-H-00747,B-C-01070,B-C-01070
B-H-00748,B-C-01071,B-C-01071
B-H-00749,B-C-01072,B-C-01072|B-C-01073|B-C-01074
B-H-00750,B-C-01075,B-C-01075|B-C-01076|B-C-01077
B-H-00751,B-C-01078,B-C-01078
B-H-00752,B-C-01079,B-C-01079|B-C-01080
B-H-00753,B-C-01081,B-C-01081
B-H-00754,B-C-01082,B-C-01082|B-C-01083
B-H-00755,B-C-01084,B-C-01084
B-H-00756,B-C-01085,B-C-01085|B-C-01086
B-H-00757,B-C-01087,B-C-01087
B-H-00758,B-C-01088,B-C-01088|B-C-01089
B-H-00759,B-C-01090,B-C-01090
B-H-00760,B-C-01091,B-C-01091|B-C-01092
B-H-00761,B-C-01093,B-C-01093
B-H-00762,B-C-01094,B-C-01094
B-H-00763,B-C-01095,B-C-01095
B-H-00764,B-C-01096,B-C-01096
B-H-00765,B-C-01097,B-C-01097
B-H-00766,B-C-01098,B-C-01098|B-C-01099
B-H-00767,B-C-01100,B-C-01100
B-H-00768,B-C-01101,B-C-01101|B-C-01102
B-H-00769,B-C-01103,B-C-01103|B-C-01104
B-H-00770,B-C-01105,B-C-01105|B-C-01542
B-H-00771,B-C-01106,B-C-01106|B-C-01107
B-H-00772,B-C-01108,B-C-01108
B-H-00773,B-C-01109,B-C-01109
B-H-00774,B-C-01110,B-C-01110
B-H-00775,B-C-01111,B-C-01111
B-H-00776,B-C-01112,B-C-01112
B-H-00777,B-C-01113,B-C-01113
B-H-00778,B-C-01114,B-C-01114
B-H-00779,B-C-01115,B-C-01115
B-H-00780,B-C-01116,B-C-01116
B-H-00781,B-C-01117,B-C-01117|B-C-01118
B-H-00782,B-C-01119,B-C-01119
B-H-00783,B-C-01120,B-C-01120|B-C-01121
B-H-00784,B-C-01122,B-C-01122|B-C-01123
B-H-00785,B-C-01124,B-C-01124|B-C-01125
B-H-00786,B-C-01126,B-C-01126
B-H-00787,B-C-01127,B-C-01127
B-H-00788,B-C-01128,B-C-01128
B-H-00789,B-C-01129,B-C-01129
B-H-00790,B-C-01130,B-C-01130
B-H-00791,B-C-01131,B-C-01131
B-H-00792,B-C-01132,B-C-01132|B-C-01133
B-H-00793,B-C-01134,B-C-01134
B-H-00794,B-C-01135,B-C-01135
B-H-00795,B-C-01136,B-C-01136
B-H-00796,B-C-01137,B-C-01137|B-C-01138
B-H-00797,B-C-01139,B-C-01139
B-H-00798,B-C-01140,B-C-01140
B-H-00799,B-C-01141,B-C-01141|B-C-01142
B-H-00800,B-C-01143,B-C-01143|B-C-01144|B-C-01145
B-H-00801,B-C-01146,B-C-01146|B-C-01147
B-H-00802,B-C-01148,B-C-01148
B-H-00803,B-C-01149,B-C-01149
B-H-00804,B-C-01150,B-C-01150|B-C-01151
B-H-00805,B-C-01152,B-C-01152|B-C-01153
B-H-00806,B-C-01154,B-C-01154
B-H-00807,B-C-01155,B-C-01155
B-H-00808,B-C-01156,B-C-01156
B-H-00809,B-C-01157,B-C-01157
B-H-00810,B-C-01158,B-C-01158|B-C-01537
B-H-00811,B-C-01159,B-C-01159
B-H-00812,B-C-01160,B-C-01160|B-C-01161|B-C-01514
B-H-00813,B-C-01162,B-C-01162|B-C-01163
B-H-00814,B-C-01164,B-C-01164
B-H-00815,B-C-01165,B-C-01165
B-H-00816,B-C-01166,B-C-01166|B-C-01167
B-H-00817,B-C-01168,B-C-01168
B-H-00818,B-C-01169,B-C-01169|B-C-01170
B-H-00819,B-C-01171,B-C-01171
B-H-00820,B-C-01172,B-C-01172|B-C-01173
B-H-00821,B-C-01174,B-C-01174|B-C-01175
B-H-00822,B-C-01176,B-C-01176
B-H-00823,B-C-01177,B-C-01177
B-H-00824,B-C-01178,B-C-01178
B-H-00825,B-C-01179,B-C-01179
B-H-00826,B-C-01180,B-C-01180|B-C-01181
B-H-00827,B-C-01182,B-C-01182
B-H-00828,B-C-01183,B-C-01183
B-H-00829,B-C-01184,B-C-01184|B-C-01185|B-C-01186
B-H-00830,B-C-01187,B-C-01187|B-C-01522
B-H-00831,B-C-01188,B-C-01188|B-C-01189
B-H-00832,B-C-01190,B-C-01190|B-C-01191
B-H-00833,B-C-01192,B-C-01192
B-H-00834,B-C-01193,B-C-01193|B-C-01194|B-C-01535
B-H-00835,B-C-01195,B-C-01195
B-H-00836,B-C-01196,B-C-01196
B-H-00837,B-C-01197,B-C-01197|B-C-01198
B-H-00838,B-C-01199,B-C-01199|B-C-01200
B-H-00839,B-C-01201,B-C-01201|B-C-01202
B-H-00840,B-C-01203,B-C-01203|B-C-01204
B-H-00841,B-C-01205,B-C-01205
B-H-00842,B-C-01206,B-C-01206
B-H-00843,B-C-01207,B-C-01207|B-C-01208
B-H-00844,B-C-01209,B-C-01209
B-H-00845,B-C-01210,B-C-01210
B-H-00846,B-C-01211,B-C-01211|B-C-01212|B-C-01213
B-H-00847,B-C-01214,B-C-01214
B-H-00848,B-C-01215,B-C-01215
B-H-00849,B-C-01216,B-C-01216
B-H-00850,B-C-01217,B-C-01217|B-C-01218
B-H-00851,B-C-01219,B-C-01219
B-H-00852,B-C-01220,B-C-01220
B-H-00853,B-C-01221,B-C-01221
B-H-00854,B-C-01222,B-C-01222
B-H-00855,B-C-01223,B-C-01223
B-H-00856,B-C-01224,B-C-01224
B-H-00857,B-C-01225,B-C-01225
B-H-00858,B-C-01226,B-C-01226|B-C-01227
B-H-00859,B-C-01228,B-C-01228|B-C-01229
B-H-00860,B-C-01230,B-C-01230
B-H-00861,B-C-01231,B-C-01231|B-C-01552
B-H-00862,B-C-01232,B-C-01232|B-C-01233
B-H-00863,B-C-01234,B-C-01234|B-C-01235
B-H-00864,B-C-01236,B-C-01236
B-H-00865,B-C-01237,B-C-01237
B-H-00866,B-C-01238,B-C-01238
B-H-00867,B-C-01239,B-C-01239
B-H-00868,B-C-01240,B-C-01240|B-C-01241
B-H-00869,B-C-01242,B-C-01242
B-H-00870,B-C-01243,B-C-01243
B-H-00871,B-C-01244,B-C-01244
B-H-00872,B-C-01245,B-C-01245
B-H-00873,B-C-01246,B-C-01246|B-C-01247|B-C-01248
B-H-00874,B-C-01249,B-C-01249|B-C-01250
B-H-00875,B-C-01251,B-C-01251
B-H-00876,B-C-01252,B-C-01252
B-H-00877,B-C-01253,B-C-01253|B-C-01254|B-C-01554
B-H-00878,B-C-01255,B-C-01255|B-C-01256|B-C-01257
B-H-00879,B-C-01258,B-C-01258|B-C-01259|B-C-01260
B-H-00880,B-C-01261,B-C-01261
B-H-00881,B-C-01262,B-C-01262
B-H-00882,B-C-01263,B-C-01263
B-H-00883,B-C-01264,B-C-01264
B-H-00884,B-C-01265,B-C-01265
B-H-00885,B-C-01266,B-C-01266
B-H-00886,B-C-01267,B-C-01267
B-H-00887,B-C-01268,B-C-01268
B-H-00888,B-C-01269,B-C-01269
B-H-00889,B-C-01270,B-C-01270|B-C-01271
B-H-00890,B-C-01272,B-C-01272|B-C-01273
B-H-00891,B-C-01274,B-C-01274|B-C-01275
B-H-00892,B-C-01276,B-C-01276
B-H-00893,B-C-01277,B-C-01277
B-H-00894,B-C-01278,B-C-01278|B-C-01550
B-H-00895,B-C-01279,B-C-01279|B-C-01280
B-H-00896,B-C-01281,B-C-01281
B-H-00897,B-C-01282,B-C-01282
B-H-00898,B-C-01283,B-C-01283
B-H-00899,B-C-01284,B-C-01284|B-C-01285
B-H-00900,B-C-01286,B-C-01286|B-C-01287
B-H-00901,B-C-01288,B-C-01288|B-C-01289
B-H-00902,B-C-01290,B-C-01290|B-C-01291
B-H-00903,B-C-01292,B-C-01292|B-C-01293
B-H-00904,B-C-01294,B-C-01294|B-C-01295
B-H-00905,B-C-01296,B-C-01296|B-C-01297
B-H-00906,B-C-01298,B-C-01298|B-C-01299
B-H-00907,B-C-01300,B-C-01300
B-H-00908,B-C-01301,B-C-01301
B-H-00909,B-C-01302,B-C-01302
B-H-00910,B-C-01303,B-C-01303|B-C-01304
B-H-00911,B-C-01305,B-C-01305|B-C-01306
B-H-00912,B-C-01307,B-C-01307
B-H-00913,B-C-01308,B-C-01308|B-C-01309
B-H-00914,B-C-01310,B-C-01310
B-H-00915,B-C-01311,B-C-01311
B-H-00916,B-C-01312,B-C-01312
B-H-00917,B-C-01313,B-C-01313
B-H-00918,B-C-01314,B-C-01314
B-H-00919,B-C-01315,B-C-01315
B-H-00920,B-C-01316,B-C-01316
B-H-00921,B-C-01317,B-C-01317|B-C-01318
B-H-00922,B-C-01319,B-C-01319|B-C-01320
B-H-00923,B-C-01321,B-C-01321
B-H-00924,B-C-01322,B-C-01322|B-C-01323
B-H-00925,B-C-01324,B-C-01324
B-H-00926,B-C-01325,B-C-01325
B-H-00927,B-C-01326,B-C-01326
B-H-00928,B-C-01327,B-C-01327|B-C-01328
B-H-00929,B-C-01329,B-C-01329|B-C-01330
B-H-00930,B-C-01331,B-C-01331
B-H-00931,B-C-01332,B-C-01332
B-H-00932,B-C-01333,B-C-01333|B-C-01334
B-H-00933,B-C-01335,B-C-01335|B-C-01336
B-H-00934,B-C-01337,B-C-01337|B-C-01338|B-C-01339
B-H-00935,B-C-01340,B-C-01340
B-H-00936,B-C-01341,B-C-01341|B-C-01342
B-H-00937,B-C-01343,B-C-01343|B-C-01344
B-H-00938,B-C-01345,B-C-01345
B-H-00939,B-C-01346,B-C-01346
B-H-00940,B-C-01347,B-C-01347|B-C-01348
B-H-00941,B-C-01349,B-C-01349
B-H-00942,B-C-01350,B-C-01350
B-H-00943,B-C-01351,B-C-01351
B-H-00944,B-C-01352,B-C-01352|B-C-01353
B-H-00945,B-C-01354,B-C-01354|B-C-01355
B-H-00946,B-C-01356,B-C-01356|B-C-01357
B-H-00947,B-C-01358,B-C-01358|B-C-01359
B-H-00948,B-C-01360,B-C-01360
B-H-00949,B-C-01361,B-C-01361
B-H-00950,B-C-01362,B-C-01362
B-H-00951,B-C-01363,B-C-01363
B-H-00952,B-C-01364,B-C-01364
B-H-00953,B-C-01365,B-C-01365
B-H-00954,B-C-01366,B-C-01366|B-C-01367
B-H-00955,B-C-01368,B-C-01368
B-H-00956,B-C-01369,B-C-01369|B-C-01370
B-H-00957,B-C-01371,B-C-01371
B-H-00958,B-C-01372,B-C-01372
B-H-00959,B-C-01373,B-C-01373
B-H-00960,B-C-01374,B-C-01374
B-H-00961,B-C-01375,B-C-01375|B-C-01376
B-H-00962,B-C-01377,B-C-01377
B-H-00963,B-C-01378,B-C-01378|B-C-01379
B-H-00964,B-C-01380,B-C-01380
B-H-00965,B-C-01381,B-C-01381
B-H-00966,B-C-01382,B-C-01382|B-C-01383
B-H-00967,B-C-01384,B-C-01384
B-H-00968,B-C-01385,B-C-01385
B-H-00969,B-C-01386,B-C-01386|B-C-01387
B-H-00970,B-C-01388,B-C-01388|B-C-01389
B-H-00971,B-C-01390,B-C-01390
B-H-00972,B-C-01391,B-C-01391|B-C-01392
B-H-00973,B-C-01393,B-C-01393
B-H-00974,B-C-01394,B-C-01394
B-H-00975,B-C-01395,B-C-01395
B-H-00976,B-C-01396,B-C-01396|B-C-01397
B-H-00977,B-C-01398,B-C-01398
B-H-00978,B-C-01399,B-C-01399|B-C-01400
B-H-00979,B-C-01401,B-C-01401|B-C-01402
B-H-00980,B-C-01403,B-C-01403
B-H-00981,B-C-01404,B-C-01404
B-H-00982,B-C-01405,B-C-01405
B-H-00983,B-C-01406,B-C-01406
B-H-00984,B-C-01407,B-C-01407
B-H-00985,B-C-01408,B-C-01408
B-H-00986,B-C-01409,B-C-01409|B-C-01410
B-H-00987,B-C-01411,B-C-01411|B-C-01412
B-H-00988,B-C-01413,B-C-01413|B-C-01414
B-H-00989,B-C-01415,B-C-01415
B-H-00990,B-C-01416,B-C-01416|B-C-01417
B-H-00991,B-C-01418,B-C-01418
B-H-00992,B-C-01419,B-C-01419
B-H-00993,B-C-01420,B-C-01420
B-H-00994,B-C-01421,B-C-01421|B-C-01422
B-H-00995,B-C-01423,B-C-01423
B-H-00996,B-C-01424,B-C-01424
B-H-00997,B-C-01425,B-C-01425|B-C-01426
B-H-00998,B-C-01427,B-C-01427|B-C-01428
B-H-00999,B-C-01429,B-C-01429
B-H-01000,B-C-01430,B-C-01430
B-H-01001,B-C-01431,B-C-01431
B-H-01002,B-C-01432,B-C-01432
B-H-01003,B-C-01433,B-C-01433
B-H-01004,B-C-01434,B-C-01434
B-H-01005,B-C-01435,B-C-01435
B-H-01006,B-C-01436,B-C-01436|B-C-01437
B-H-01007,B-C-01438,B-C-01438|B-C-01439
B-H-01008,B-C-01440,B-C-01440
B-H-01009,B-C-01441,B-C-01441
B-H-01010,B-C-01442,B-C-01442
B-H-01011,B-C-01443,B-C-01443|B-C-01444
B-H-01012,B-C-01445,B-C-01445
B-H-01013,B-C-01446,B-C-01446|B-C-01447
B-H-01014,B-C-01448,B-C-01448|B-C-01449
B-H-01015,B-C-01450,B-C-01450|B-C-01451
B-H-01016,B-C-01452,B-C-01452
B-H-01017,B-C-01453,B-C-01453
B-H-01018,B-C-01454,B-C-01454|B-C-01455
B-H-01019,B-C-01456,B-C-01456|B-C-01457
B-H-01020,B-C-01458,B-C-01458|B-C-01459
B-H-01021,B-C-01460,B-C-01460
B-H-01022,B-C-01461,B-C-01461|B-C-01462
B-H-01023,B-C-01463,B-C-01463|B-C-01464
B-H-01024,B-C-01465,B-C-01465
B-H-01025,B-C-01466,B-C-01466
B-H-01026,B-C-01467,B-C-01467
B-H-01027,B-C-01468,B-C-01468|B-C-01469
B-H-01028,B-C-01470,B-C-01470
B-H-01029,B-C-01471,B-C-01471
B-H-01030,B-C-01472,B-C-01472
B-H-01031,B-C-01473,B-C-01473
B-H-01032,B-C-01474,B-C-01474
B-H-01033,B-C-01475,B-C-01475
B-H-01034,B-C-01476,B-C-01476|B-C-01477
B-H-01035,B-C-01478,B-C-01478|B-C-01529
B-H-01036,B-C-01479,B-C-01479|B-C-01480
B-H-01037,B-C-01481,B-C-01481
B-H-01038,B-C-01482,B-C-01482
B-H-01039,B-C-01483,B-C-01483
B-H-01040,B-C-01484,B-C-01484
B-H-01041,B-C-01485,B-C-01485
B-H-01042,B-C-01486,B-C-01486|B-C-01487
B-H-01043,B-C-01488,B-C-01488
B-H-01044,B-C-01489,B-C-01489|B-C-01490
B-H-01045,B-C-01491,B-C-01491
B-H-01046,B-C-01492,B-C-01492|B-C-01493
B-H-01047,B-C-01494,B-C-01494
B-H-01048,B-C-01495,B-C-01495|B-C-01496
B-H-01049,B-C-01497,B-C-01497|B-C-01498
B-H-01050,B-C-01499,B-C-01499|B-C-01500
